dialog,summary_low_short,summary_low,summary_high_short,summary_high,summary_context_short,summary_context
"Alex: Hey Sam, nice rainbow bracelet. Did you get it from the Pride event last weekend?

Sam: Yeah, I did! It was my first time attending Pride. It was such a vibrant and welcoming experience.

Alex: That’s awesome! I’ve been to a few Pride events myself. It’s always great to see so many people celebrating together. Are you planning to go to any other LGBTQ+ events?

Sam: Definitely. There’s an LGBTQ+ film festival coming up next month that I’m really excited about. They’re going to screen a lot of indie films that focus on different aspects of our community.

Alex: That sounds cool. I’ll have to check it out. By the way, if you don’t mind me asking, do you identify as part of the LGBTQ+ community?

Sam: Yes, I do. I’m non-binary and pansexual. It took me a while to figure out my identity, but I feel much more comfortable with myself now.

Alex: That’s great to hear. I’m bisexual, and I’ve been out for a few years now. It’s been a journey, but having supportive friends and attending events like Pride really helped.

Sam: Absolutely. It’s important to have a supportive network. Are there any local groups or communities you’re part of?

Alex: Yeah, I’m part of a local LGBTQ+ support group. We meet once a month to share our experiences and support each other. It’s a great way to stay connected and help out those who are struggling.

Sam: That’s wonderful. I’ve been thinking about joining a group like that. It’s always good to have people who understand what you’re going through.

Alex: For sure. By the way, where are you from originally?

Sam: I’m from a small town in the Midwest. It wasn’t the most accepting place, but I moved here for college, and it’s been a much better environment.

Alex: I can imagine. I’m from the East Coast, and it was a bit easier to find supportive communities there. Moving to a more accepting place can make such a big difference.

Sam: It really does. It’s nice to be in a place where I can be myself without fear.","Alex and Sam are discussing their experiences and identities within the LGBTQ+ community. Sam recently attended their first Pride event and is excited about upcoming LGBTQ+ events, while both share their journeys of self-discovery and the importance of supportive communities. Both have moved from less accepting places to more inclusive environments where they feel more comfortable and supported.","Alex and Sam are discussing Sam's recent participation in a Pride event, where he got a rainbow bracelet. It was Sam's first Pride, and he found the experience vibrant and welcoming. Alex, who has attended several Pride events, expresses enthusiasm and inquires if Sam has plans for more LGBTQ+ events. Sam mentions an upcoming LGBTQ+ film festival featuring indie films that he's looking forward to. 

In a deeper exchange about their identities, Sam shares that he is non-binary and pansexual, having taken some time to understand his identity. Alex reveals he is bisexual and has been out for a few years, crediting supportive friends and events like Pride for his comfort. 

The conversation shifts to the importance of supportive networks. Alex is part of a local LGBTQ+ support group that meets monthly, which Sam considers joining. They then share their backgrounds: Sam moved from a less accepting small town in the Midwest to attend college in a more open environment, while Alex hails from the East Coast, where supportive communities were easier to find. Both agree on the value of living in a place where they can be themselves without fear.","Two friends, Alex and Sam, discuss their experiences attending Pride events and their identities within the LGBTQ+ community. They share their backgrounds, how supportive networks and events have helped them, and talk about local groups and upcoming LGBTQ+ events they are excited about.","Two friends, Sam and Alex, are discussing their experiences at LGBTQ+ events. Sam recently attended their first Pride event and found it vibrant and welcoming, while Alex has attended multiple Pride events in the past and appreciates the communal celebration. Sam shares their excitement about an upcoming LGBTQ+ film festival that will showcase indie films highlighting various aspects of the community. During the conversation, both friends reveal their sexual and gender identities—Sam identifies as non-binary and pansexual, and Alex as bisexual. They both emphasize the importance of having a supportive network, with Alex mentioning their participation in a local LGBTQ+ support group. They also discuss how moving to more accepting environments has positively impacted their lives.","Two friends are discussing their experiences at LGBTQ+ events, particularly a Pride event and upcoming LGBTQ+ film festival. They share their identities and how attending these events and having supportive communities have been crucial in their journeys. They also talk about the differences in acceptance they experienced based on their hometowns and the positive impact of moving to more inclusive environments.","Alex and Sam are having a conversation about their experiences with LGBTQ+ events and communities. Sam, who identifies as non-binary and pansexual, recently attended their first Pride event and found it vibrant and welcoming. They are also excited about an upcoming LGBTQ+ film festival focusing on indie films about different facets of the community. Alex, who identifies as bisexual, shares that they have participated in numerous Pride events and found them to be positive experiences that helped in their journey of self-acceptance.

They both emphasize the importance of a supportive network and discuss the benefits of joining local LGBTQ+ support groups. Alex mentions their involvement in such a group, which meets monthly to share experiences and provide support. Sam is considering joining a similar group to connect with others who understand their experiences.

The conversation also touches on their backgrounds, with Sam coming from a less accepting small town in the Midwest and relocating for a more inclusive environment, and Alex from the East Coast where it was relatively easier to find supportive communities. Both agree on the significance of being in accepting environments where they can express their true selves without fear."
"Dr. Smith: Good morning, Jamie. How are you feeling today?

Jamie: Morning, Dr. Smith. I'm feeling okay, just a bit tired. I haven't been sleeping well lately.

Dr. Smith: I'm sorry to hear that. We'll get to that in a moment. First, I need to review your medical history. Have there been any significant changes since your last visit?

Jamie: Well, I was diagnosed with type 2 diabetes about six months ago. I've been managing it with medication and lifestyle changes.

Dr. Smith: That's a significant update. How have your blood sugar levels been?

Jamie: They're mostly stable, but I do have occasional spikes. My endocrinologist is adjusting my medication to find the right balance.

Dr. Smith: Understood. I also see from your records that you have a family history of heart disease. Has anyone else in your family been diagnosed with any new conditions?

Jamie: Yes, actually. My sister was recently diagnosed with Huntington's disease. It's been tough on the family.

Dr. Smith: I'm sorry to hear that. Huntington's can be challenging. Are you considering genetic counseling or testing for yourself?

Jamie: Yes, I am. It's something I'm planning to discuss with a genetic counselor soon.

Dr. Smith: That's a good idea. Now, regarding your insurance, has anything changed? Are you still with the same provider?

Jamie: No, I switched insurance providers last month. I'm now with Blue Cross Blue Shield.

Dr. Smith: Great. Please make sure we have your updated insurance information on file so we can avoid any billing issues.

Jamie: Will do. By the way, I've also been experiencing some other health issues that I wanted to mention.

Dr. Smith: Of course. What seems to be the problem?

Jamie: I've had a persistent cough for the last few weeks. It's not too severe, but it's there.

Dr. Smith: Any other symptoms accompanying the cough? Fever, shortness of breath, or anything else?

Jamie: No, just the cough. But I was also diagnosed with HPV a few years ago, and I'm worried it might be related to that somehow.

Dr. Smith: HPV typically doesn't cause respiratory symptoms, but it's good that you mentioned it. We should do a thorough check to rule out any complications.

Jamie: That would be great. I want to make sure everything is okay.

Dr. Smith: Absolutely. We'll start with some basic tests and go from there. In the meantime, how is your overall health? Any new exercise routines or dietary changes?

Jamie: I've started doing yoga and trying to eat more plant-based foods. It's been a positive change for my energy levels.

Dr. Smith: That's excellent. Maintaining a healthy lifestyle can make a big difference, especially with diabetes. Keep it up!

Jamie: Thanks, Dr. Smith. I appreciate the support.
","Dr. Smith and Jamie are discussing Jamie's recent health updates, including a type 2 diabetes diagnosis and management, a family history of heart disease, and a sister recently diagnosed with Huntington's disease. Jamie also mentioned switching to a new insurance provider, experiencing a persistent cough, and practicing healthier lifestyle changes like yoga and a plant-based diet. Dr. Smith plans to conduct thorough tests to address Jamie's ongoing cough and ensure overall health stability.","Dr. Smith and Jamie are having a follow-up medical consultation. Jamie mentions feeling tired due to lack of sleep and updates Dr. Smith about a new diagnosis of type 2 diabetes from six months ago, which she is managing through medication and lifestyle changes. Her blood sugar levels are mostly stable with occasional spikes, and her medication is being adjusted. Jamie also informs Dr. Smith that her sister was recently diagnosed with Huntington's disease, prompting her to consider genetic counseling. Additionally, Jamie switched her insurance provider to Blue Cross Blue Shield last month.

Jamie brings up a persistent cough she has had for the past few weeks, which raises concerns for her. Dr. Smith inquires about any other symptoms related to the cough but finds none. Despite Jamie's concern that it might be related to her past HPV diagnosis, Dr. Smith reassures her that HPV does not typically cause respiratory symptoms. They agree to conduct some tests to rule out any complications.

Lastly, Jamie shares that she has been practicing yoga and adopting a plant-based diet, which has positively impacted her energy levels. Dr. Smith encourages her to continue these healthy lifestyle changes, especially given her diabetes diagnosis.","Jamie discussed their recent diagnosis of type 2 diabetes and current management with Dr. Smith, mentioning occasional blood sugar spikes and a family history of heart disease and a sister's recent diagnosis with Huntington's disease. Dr. Smith inquired about genetic counseling, updated insurance information, and Jamie's new health issues, including a persistent cough and past HPV diagnosis. The conversation also covered Jamie's positive lifestyle changes like yoga and a plant-based diet.","During Jamie's medical appointment with Dr. Smith, they discussed several key health updates. Jamie mentioned feeling tired due to poor sleep and revealed a recent diagnosis of type 2 diabetes, which is being managed with medication and lifestyle changes. Blood sugar levels are mostly stable, though occasional spikes occur. Jamie also disclosed a family history of heart disease and a recent diagnosis of Huntington's disease in their sister, prompting consideration of genetic counseling.

Additionally, Jamie switched insurance providers to Blue Cross Blue Shield last month. They reported experiencing a persistent cough for a few weeks and expressed concern about a past HPV diagnosis potentially being related to the cough, although Dr. Smith noted that HPV typically doesn’t cause respiratory symptoms. Jamie has also started practicing yoga and eating more plant-based foods, which has positively impacted their energy levels. Dr. Smith plans to conduct basic tests to further investigate Jamie’s health concerns and commended Jamie on their healthy lifestyle changes.","Jamie visits Dr. Smith to discuss ongoing health issues, revealing recent diagnoses of type 2 diabetes and sharing updates about their family’s health, including a sister's Huntington's disease diagnosis. Jamie also mentions switching insurance providers and a persistent cough, which prompts Dr. Smith to consider further tests, while Jamie is also making positive lifestyle changes like yoga and a plant-based diet.","In this conversation, Dr. Smith and Jamie are discussing Jamie's current health status and recent medical history. Jamie mentions feeling tired due to poor sleep and updates Dr. Smith on a diagnosis of type 2 diabetes from six months ago, which is being managed through medication and lifestyle changes, although occasional blood sugar spikes still occur. The doctor also learns that Jamie's sister was recently diagnosed with Huntington's disease, prompting Jamie to consider genetic counseling and testing.

Jamie informs Dr. Smith of a recent change in insurance providers to Blue Cross Blue Shield and mentions experiencing a persistent cough for the last few weeks. Though Jamie is concerned it might be connected to a prior HPV diagnosis, Dr. Smith clarifies that HPV typically doesn't cause respiratory symptoms but appreciates the mention and suggests conducting thorough tests to rule out any complications.

They also discuss positive changes Jamie has made, like starting yoga and adopting a more plant-based diet, which have positively affected their energy levels. Dr. Smith encourages Jamie to maintain these healthy lifestyle choices."
"Emily: Hey Mark, how have you been? It's been a while since we last caught up.

Mark: Hey Emily, I've been better. Actually, I've been dealing with some employment issues lately.

Emily: Oh no, what happened?

Mark: Well, I was recently let go from my job at TechCorp. They said it was due to inappropriate conduct, but I feel like it was just a toxic work culture.

Emily: I'm really sorry to hear that. What kind of conduct were they referring to?

Mark: There were some misunderstandings during a team project, and things got heated. I admit I lost my temper a couple of times, but it wasn't anything extreme. It just felt like they were looking for an excuse to get rid of me.

Emily: That's rough. TechCorp is a big name in the industry. How long were you there?

Mark: I worked there for about three years as a software engineer. Before that, I was at Innovate Solutions for five years, but I left because they were downsizing.

Emily: That's quite a bit of experience. Have you started looking for new opportunities?

Mark: Yes, I've been applying to various positions. I actually had an interview with GreenTech yesterday. It seemed to go well, but I'm still waiting to hear back.

Emily: GreenTech is a good company. Do you have any professional references from your previous jobs?

Mark: Yes, I have a few. My former manager at Innovate Solutions, Karen Lee, is one of them. She knows my work ethic and skills really well.

Emily: That's great. Having strong references can really make a difference. How are you managing in the meantime?

Mark: It's been tough, but I'm doing some freelance work to stay afloat. It's not stable, but it's something.

Emily: Freelance work can be a good bridge between jobs. Have you considered reaching out to a recruiter?

Mark: I have. I’m actually working with a recruiter from CareerBridge. They’ve been quite helpful in finding potential matches for my skills and experience.

Emily: That sounds promising. And what about your general employment status? Are you looking for full-time roles only, or are you open to contract positions as well?

Mark: Ideally, I'd like a full-time role, but I'm open to contract positions too, especially if they have the potential to become permanent.

Emily: That's a smart approach. I hope something comes through soon. If you need any help or another reference, let me know.

Mark: Thanks, Emily. I appreciate that. I'll definitely keep you in mind.

Emily: Anytime, Mark. Good luck with your job search, and keep me posted on how things go.

Mark: Will do. Thanks again!","Mark was recently let go from TechCorp due to alleged inappropriate conduct, which he attributes to a toxic work culture, and he is currently seeking new job opportunities while doing freelance work to manage. He has significant experience, strong professional references, and is working with a recruiter from CareerBridge. Mark is open to both full-time and contract positions, and Emily offers her support and references for his job search.","Emily and Mark are catching up after some time, and Mark shares that he has been dealing with job-related issues. Mark was recently let go from his position at TechCorp due to alleged inappropriate conduct, which he feels was more about the toxic work environment there. Emily expresses sympathy and inquires about the details, learning that Mark had some heated moments during a team project but doesn't believe his behavior warranted termination. Mark worked at TechCorp for three years and was previously at Innovate Solutions for five years before a downsizing prompted him to leave.

Mark is actively seeking new job opportunities and had a promising interview with GreenTech. He has professional references, including a strong one from his former manager at Innovate Solutions. In the meantime, Mark is doing freelance work to stay financially stable and is also collaborating with a recruiter from CareerBridge to find suitable positions. He is open to both full-time and contract roles, ideally those that might become permanent. Emily offers further support and wishes him luck, with Mark expressing his gratitude for her help and staying in touch for future updates.","Mark has been dealing with employment issues after being let go from TechCorp due to alleged inappropriate conduct, which he attributes to a toxic work culture. He has experience as a software engineer and has started looking for new opportunities, including a promising interview with GreenTech and some freelance work to stay afloat. Emily offers support and suggests keeping in touch.","Mark and Emily catch up after a period of not speaking. Mark shares his recent struggles with employment after being let go from TechCorp due to alleged inappropriate conduct, which he attributes to a toxic work culture. He worked there for three years and has extensive experience, including five years at Innovate Solutions before they downsized. Mark is actively searching for new opportunities and recently had a positive interview with GreenTech. In the meantime, he's doing freelance work and working with a recruiter from CareerBridge. Emily offers her support and references to assist him in securing a new job.","Mark has been facing employment issues, having recently been let go from TechCorp due to alleged inappropriate conduct, which he believes was a result of a toxic work culture. He is actively seeking new job opportunities, recently interviewed with GreenTech, and is doing freelance work to manage in the meantime. Emily offers support and suggests using professional references and possibly working with a recruiter.","Emily and Mark are catching up after some time apart. Mark shares that he has recently been let go from his job at TechCorp due to what the company cited as inappropriate conduct during a team project. Mark believes the real issue was the toxic work environment. He mentions having worked at TechCorp for three years and at Innovate Solutions for five years before that.

Mark has started looking for new opportunities and recently had an interview with GreenTech, which he feels went well but is still awaiting a response. Emily expresses her sympathy and supports Mark by suggesting he uses professional references, like his former manager Karen Lee from Innovate Solutions. Mark confirms he has strong references and is currently doing some freelance work to manage financially.

Emily advises Mark on the benefits of freelance work and suggests connecting with recruiters. Mark mentions he’s already working with a recruiter from CareerBridge to find suitable job matches. He is open to both full-time and contract positions, with a preference for roles that could become permanent.

Emily offers further assistance and support, encouraging Mark to keep her updated on his job search. Mark thanks her and appreciates the offer."
"Lisa: Hey Tom, you look worried. Is everything okay?

Tom: Hey Lisa. I'm actually pretty stressed. I think I might have been a victim of fraud.

Lisa: Oh no, what happened?

Tom: I got a call from someone claiming to be from my bank, saying there was suspicious activity on my account. They asked for my card number to verify some transactions.

Lisa: Did you give them your card number?

Tom: Yeah, I did. They seemed so convincing and I panicked. I gave them my credit card number, 1234 5678 9012 3456, and the security code, 789.

Lisa: Oh no, Tom. You should never give that information over the phone. What did they do next?

Tom: After that, they asked for my checking account number, 987654321, and the routing number, 021000021, to supposedly secure my account. I was so anxious about potential fraud that I gave them that information too.

Lisa: That's really concerning. Have you contacted your bank since?

Tom: Yes, I called them right after the call ended. They confirmed it wasn't them and helped me freeze my accounts. But I'm worried about the loans I have.

Lisa: What kind of loans are you dealing with?

Tom: I have a mortgage of $250,000, a student loan of $40,000, and I'm paying off a $15,000 car loan. I’m really worried about my investment accounts too. I've got about $20,000 in stocks and bonds.

Lisa: Did you give them any information about your investments?

Tom: No, thankfully. I only gave them my checking and savings account details. But now I'm worried about identity theft.

Lisa: That’s a relief about your investments. Still, you should monitor your accounts closely. Maybe even consider setting up a fraud alert or credit freeze.

Tom: Good idea. I also need to get my credit report to check for any suspicious activity. My financial status isn’t the best right now, so this is the last thing I needed.

Lisa: I can imagine. With those loans and now this, it must be overwhelming. How are you managing your finances otherwise?

Tom: It’s been tough. I'm managing to keep up with the mortgage and loan payments, but there's not much left over. I was hoping my investments would grow, but now I’m just worried about losing everything.

Lisa: Have you thought about speaking to a financial advisor? They might be able to help you navigate this situation.

Tom: Yes, I think that's my next step. I just hope I can resolve this without too much damage. It's such a mess.

Lisa: I’m really sorry you’re going through this, Tom. If you need any help or support, I’m here for you.

Tom: Thanks, Lisa. I appreciate that. I'll keep you updated on how things go.

Lisa: Please do. And remember, be very cautious with sharing any sensitive information in the future.

Tom: Definitely. I've learned my lesson the hard way.","Tom explains to Lisa that he was a victim of fraud after providing his card and account details to a scammer posing as his bank. Despite contacting his bank to freeze the accounts, he is now anxious about his financial status, which includes several loans and investments, and plans to closely monitor his accounts and consult with a financial advisor. Lisa offers support and advises Tom to be more cautious with sensitive information in the future.","In this conversation, Tom confesses to Lisa that he's under immense stress due to potentially falling victim to fraud. He received a call from someone pretending to be from his bank who claimed there was suspicious activity on his account. In his panic, Tom provided his credit card number, security code, checking account number, and routing number. Realizing the mistake, he immediately contacted his bank, which confirmed the call was fraudulent and helped him freeze his accounts. Tom expresses concern over his financial situation, mentioning current loans, including a $250,000 mortgage, $40,000 student loan, and a $15,000 car loan, alongside $20,000 in stocks and bonds. Lisa advises Tom to closely monitor his accounts, set up fraud alerts, check his credit report for unusual activity, and consult a financial advisor. Tom acknowledges the advice and resolves to be more cautious with sensitive information moving forward.","Tom is stressed due to falling victim to a fraud scam where he provided sensitive banking information over the phone. He has contacted his bank to freeze his accounts and is now worried about the impact on his loans and investments. Lisa advises him to monitor his accounts closely, consider a fraud alert or credit freeze, and consult a financial advisor to manage the situation.","Tom shared with Lisa that he is experiencing significant stress because he believes he was a victim of fraud. He received a call from someone falsely claiming to be from his bank, who convinced him to provide his credit card and checking account details, including card number, security code, and routing number. After realizing the fraud, Tom contacted his bank, which verified that the call was not legitimate and helped him freeze his accounts. He is extremely concerned about his financial security due to his existing mortgage, student loan, car loan, and investments. Lisa advised Tom to closely monitor his accounts, consider fraud alerts or credit freezes, and suggested speaking with a financial advisor. Tom appreciates Lisa's support and plans to take steps to secure his finances moving forward.","Tom is stressed after falling victim to a fraud scheme where he provided his card and checking account details to a scammer pretending to be from his bank. He managed to contact his bank to freeze his accounts but is now concerned about potential identity theft and his financial situation, including a mortgage, student loan, and car loan. Lisa advises Tom to monitor his accounts closely, consider a fraud alert or credit freeze, and speak to a financial advisor for further help.","Tom confided in Lisa that he is stressed because he may have been a victim of fraud. He received a call from someone claiming to be from his bank who asked for his card and account details under the guise of verifying suspicious activity. Tom, feeling anxious, provided his credit card number, security code, checking account number, and routing number.

Lisa advised Tom that such information should never be shared over the phone and inquired whether he contacted his bank. Tom confirmed he did, and his bank was able to freeze his accounts after verifying the fraud. However, he expressed concern about his loans, including a $250,000 mortgage, $40,000 student loan, and $15,000 car loan, as well as his $20,000 investment in stocks and bonds. Thankfully, Tom did not share information about his investments with the fraudsters.

Lisa suggested Tom monitor his accounts closely and consider setting up a fraud alert or credit freeze. Tom added that he needs to obtain his credit report to look for suspicious activity, especially since his financial situation is already strained. Lisa empathized with his concerns, given his existing loan obligations and financial constraints, and recommended consulting a financial advisor.

Tom appreciated Lisa's support and acknowledged the need to be more cautious with personal information in the future."
"Sarah: Hey Jake, did you catch the latest news about the Russia-Ukraine conflict? It's getting intense.

Jake: Yeah, I did. I honestly think the West needs to step up their support for Ukraine. Russia's aggression is unacceptable.

Sarah: I disagree. I think the West's involvement is just escalating the situation. We need to focus on diplomatic solutions instead of pouring more weapons into the conflict.

Jake: Diplomacy has its place, but you can't reason with an aggressor like Putin. We have to show strength.

Sarah: Maybe, but I worry about the consequences of escalating a war that could spiral out of control. Anyway, are you still involved with the Labor Party?

Jake: Absolutely. I'm an active member and I think their policies are exactly what this country needs. Their stance on workers' rights and social justice resonates with me.

Sarah: I used to support the Labor Party too, but I've shifted towards more radical activism. I'm now involved with the Socialist Workers Party. We need more direct action to address inequality and injustice.

Jake: The Socialist Workers Party? They're a bit too extreme for my taste. I believe in working within the system to create change, not tearing it down.

Sarah: Sometimes the system needs to be challenged directly. Look at the Israel-Palestine conflict. The status quo isn't working and we need to support Palestinian rights more assertively.

Jake: I agree that the Palestinian people deserve better, but I think there's fault on both sides. Israel has a right to defend itself too.

Sarah: That's a typical centrist argument. Israel's actions are often disproportionate and oppressive. We need to stand firmly against that kind of state violence.

Jake: And what about the LGBTQ+ issues? Are you still involved with any of those organizations?

Sarah: Yes, I'm part of the Rainbow Coalition. We're pushing for comprehensive LGBTQ+ rights and protections. It's a crucial part of our fight for equality.

Jake: That's great. I support LGBTQ+ rights as well, but I think sometimes the movement can alienate potential allies by being too aggressive.

Sarah: Aggressive? We're demanding basic human rights. If that makes some people uncomfortable, so be it.

Jake: Fair enough. I guess we both want change, just in different ways. What about your voting history? Did you vote in the last election?

Sarah: Of course. I voted for the Green Party. I think they have the most comprehensive plan for addressing climate change and social justice.

Jake: I respect that. I voted for the Labor Party candidate. We need a strong opposition to the current government, and I think they have the best chance of winning.

Sarah: Sometimes I wonder if voting is enough. Activism seems to be where real change happens.

Jake: Voting is crucial, but I agree that activism plays a key role too. We just need to find a balance between the two.

Sarah: True. At least we both care about making a difference, even if we don't always agree on how to do it.

Jake: Absolutely. And that's what makes these conversations important. We need to keep challenging each other and finding ways to move forward.","Sarah and Jake are discussing various political and social issues, including the Russia-Ukraine conflict, support for Ukraine, their involvement in different political parties (Labor Party and Socialist Workers Party), perspectives on the Israel-Palestine conflict, LGBTQ+ rights, and the balance between voting and activism as means for effecting change.","Sarah and Jake are having a multifaceted discussion touching on several critical issues. They begin by debating the Russia-Ukraine conflict, where Jake feels the West should bolster support for Ukraine, while Sarah believes the focus should be on diplomatic solutions to avoid escalation.

The conversation then shifts to their political affiliations. Jake is actively involved with the Labor Party, advocating for policies on workers' rights and social justice. Sarah, however, has moved towards radical activism with the Socialist Workers Party, seeking more direct action against inequality and injustice. Jake finds the Socialist Workers Party too extreme, preferring to work within the system for change.

They briefly discuss the Israel-Palestine conflict, with Sarah advocating for stronger support for Palestinian rights and Jake suggesting a more balanced view, recognizing issues on both sides.

Their dialogue also covers LGBTQ+ rights, where Sarah is active with the Rainbow Coalition, pushing for comprehensive protections. Jake supports LGBTQ+ rights but feels the movement sometimes alienates potential allies with its aggressive stance. Sarah contends that demanding basic human rights, even if it makes people uncomfortable, is necessary.

Lastly, they discuss their voting preferences. Sarah voted for the Green Party, prioritizing climate change and social justice, while Jake voted for the Labor Party, seeing it as a strong opposition to the current government. Both agree on the importance of voting but also recognize the crucial role of activism in driving real change.

In conclusion, despite their differing views on methods and parties, Sarah and Jake emphasize the importance of caring about societal issues and the value of challenging conversations to drive progress.","Jake and Sarah are discussing various political and social issues including the Russia-Ukraine conflict, with Jake advocating for stronger Western support for Ukraine and Sarah emphasizing the need for diplomacy. They also touch on their differing political affiliations—Jake with the Labor Party and Sarah now supporting the Socialist Workers Party—and their perspectives on the Israel-Palestine conflict, LGBTQ+ rights, and the role of voting versus activism in driving social change. Despite their disagreements, they recognize the importance of their dialogue in seeking progress.","Jake and Sarah are discussing various political and social issues, expressing differing views on several topics. They start by debating the Russia-Ukraine conflict, where Jake advocates for increased Western support for Ukraine against Russian aggression, while Sarah feels that more diplomatic efforts are needed to avoid further escalation. The conversation moves to their political affiliations, with Jake active in the Labor Party, believing in systemic reform, while Sarah has shifted to more radical activism with the Socialist Workers Party, advocating for direct action against inequality.

They touch upon the Israel-Palestine conflict, with Sarah criticizing Israel's actions as oppressive and Jake arguing for a more balanced view, acknowledging the faults on both sides. The discussion then shifts to LGBTQ+ rights, where Sarah is actively involved with the Rainbow Coalition, pushing for comprehensive protections. Jake supports LGBTQ+ rights but warns that overly aggressive tactics might alienate allies. 

Finally, they discuss their voting history and activism, with Sarah voting for the Green Party and Jake for the Labor Party. Both agree on the importance of activism alongside voting, despite their different approaches to creating change. Their conversation underscores the importance of ongoing dialogue and challenging each other's perspectives to strive for progress.","Two friends are discussing various global and local political issues, including the Russia-Ukraine conflict, where they disagree on the role of Western intervention. They also talk about their political affiliations—with one supporting the Labor Party and the other leaning towards more radical activism with the Socialist Workers Party—and touch on topics like the Israel-Palestine conflict, LGBTQ+ rights, and the importance of voting versus activism. Despite differing views, they agree on the importance of caring about and working towards social change.","In this conversation, Sarah and Jake discuss several significant socio-political issues, reflecting a range of perspectives. The conversation begins with the Russia-Ukraine conflict, where Jake supports Western intervention while Sarah advocates for diplomatic solutions, fearing further escalation.

Their discussion shifts to domestic politics, revealing contrasting political alignments. Jake is active in the Labor Party, emphasizing policies on workers' rights and social justice. In contrast, Sarah has moved towards more radical activism with the Socialist Workers Party, focusing on direct action against inequality and injustice.

The dialogue then touches on the Israel-Palestine conflict. Jake promotes a balanced perspective, recognizing faults on both sides and Israel's right to defense, whereas Sarah condemns what she perceives as Israel's disproportionate and oppressive actions, advocating for stronger support of Palestinian rights.

They also address LGBTQ+ issues, with both involved in different capacities. Sarah is part of the Rainbow Coalition, actively pushing for comprehensive LGBTQ+ rights, while Jake supports the cause but cautions against potentially alienating allies with aggressive tactics.

The conversation wraps up with thoughts on political engagement. Sarah supports the Green Party for its stance on climate change and social justice, while Jake remains committed to the Labor Party, emphasizing its potential to challenge the current government. Despite differing views on the importance of voting versus activism, both agree on the necessity of striving for meaningful change and the importance of having these conversations to challenge and understand diverse perspectives."
"Nachos: Hey man, you wanna buy some weed?

PSP: Some what?

Nachos: Weed! You know? Pot, Ganja, Mary Jane, some chronic!

PSP: Oh, umm, no thanks.

Nachos: I also have blow if you prefer to do a few lines.

PSP: No, I’m ok, really.

Nachos: Come on, man! I even got dope and acid! Try some!

PSP: Do you really have all of these drugs? Where do you get them from?

Nachos: I got my connections! Just tell me what you want and I’ll even give you one ounce for free.

PSP: Sounds good! Let’s see, I want...

Nachos: Yeah?

PSP: I want you to put your hands behind your head! You are under arrest!

Nachos: What the... Are you serious?

PSP: Dead serious. You’re under arrest for drug trafficking, ya bloke!","A dealer named Nachos attempts to sell various drugs to PSP, who declines but eventually reveals himself as law enforcement, leading to Nachos' arrest for drug trafficking.","The conversation reveals an interaction between two individuals, Nachos and PSP, where Nachos attempts to sell various drugs, including weed, cocaine, heroin, and LSD, to PSP. Nachos insists on making a sale and even offers a free ounce of a drug to entice PSP. Initially, PSP declines the offers but continues to probe Nachos for more details about his drug supply. Towards the end of the conversation, it is revealed that PSP is actually an undercover law enforcement officer, and he arrests Nachos for drug trafficking. This summary highlights the shift from a potential drug deal to an undercover drug bust.",A person tried to sell various drugs to an undercover officer and was subsequently arrested for drug trafficking.,"A person identified as ""Nachos"" initiated a conversation by offering to sell various drugs including weed, cocaine, and acid. The other participant, ""PSP,"" initially declined but kept engaging in the conversation. ""Nachos"" mentioned having connections and even offered a free sample to entice ""PSP."" Eventually, ""PSP"" revealed themselves to be law enforcement and arrested ""Nachos"" for drug trafficking. The conversation highlights an undercover sting operation where ""PSP"" successfully apprehended ""Nachos"" by pretending to be a potential buyer.","An individual, Nachos, attempts to sell illegal drugs including weed, cocaine, dope, and acid to PSP. However, PSP reveals themselves to be law enforcement and arrests Nachos for drug trafficking.","A person, identified as Nachos, attempts to sell various illegal drugs, including marijuana, cocaine, and LSD, to another individual referred to as PSP. Despite Nachos' persistent offers and assurances of free samples, PSP initially declines. As the conversation progresses, PSP inquires about Nachos' drug sources. Finally, PSP reveals their true identity as a law enforcement officer and places Nachos under arrest for drug trafficking. The situation concludes with PSP formally detaining Nachos."
"Alex: Hey Sam, did you hear about Michael’s situation?

Sam: No, what happened?

Alex: Apparently, he's been arrested. They found court records showing he's got a pretty extensive criminal history.

Sam: Seriously? What kind of charges?

Alex: Multiple drug possession charges, a couple of DUIs, and even an assault charge from a few years back. It's all public record now.

Sam: Wow, that's intense. But I also heard he's dealing with some civil cases too. Any details on that?

Alex: Yeah, there's a pretty big one where his former business partner is suing him for breach of contract. It's a messy case, and if he loses, he could be bankrupt.

Sam: That’s rough. Does he have any decent legal representation?

Alex: I think he's being represented by Janet Pearson. She's a pretty good lawyer, but with his reputation, it's going to be tough.

Sam: Janet Pearson? I’ve heard of her. She’s got a good track record. Hopefully, she can help him out. But still, with all those criminal charges, it's going to be hard.

Alex: And there's more. There's an ongoing case where he's accused of sexual harassment by a former employee. It's causing a lot of social stigma. People are really turning against him.

Sam: That could ruin him. Sexual harassment allegations are taken very seriously these days, and for good reason. If it's true, he deserves what’s coming to him.

Alex: I agree. It’s hard to know who to believe sometimes, but if there's evidence, he should be held accountable.

Sam: What’s worse is that this isn’t the first time he's faced such accusations. There was a minor case a few years ago, but it didn’t go to court. It was settled privately.

Alex: Settled privately? That sounds suspicious. Maybe there’s a pattern here.

Sam: Could be. But you know how the legal system can be. Sometimes, it's about who has the better lawyer. Janet’s good, but this might be too much for anyone to handle.

Alex: True. But considering his criminal history, he might not get much sympathy. The court records are damning enough, and now with civil and sexual harassment cases piling up, he's in deep trouble.

Sam: Yeah, it's going to be tough for him to bounce back from this. Even if he’s innocent of the harassment charges, his reputation is already tarnished.

Alex: Definitely. People are quick to judge, and once your name is out there in connection with something like this, it sticks.

Sam: Do you think he deserves any sympathy?

Alex: Honestly, with his criminal record and the fact that this isn’t his first accusation, it’s hard to feel sorry for him. If he did it, he should face the consequences.

Sam: Agreed. It’s about accountability. If he’s guilty, he should be punished. And if not, he needs to seriously rethink his actions and associations.

Alex: Either way, it’s a mess. I just hope justice is served, whatever the truth is.","Alex and Sam discuss Michael's recent arrest and his extensive criminal history, including drug possession, DUIs, and assault, now publicly available in court records. They further delve into his ongoing civil cases, including a serious breach of contract lawsuit that might bankrupt him and a sexual harassment accusation that has intensified social backlash. Despite having reputable lawyer Janet Pearson, both agree that Michael's situation is dire due to his tarnished reputation and history of accusations.","Alex informs Sam about Michael's recent arrest, revealing that court records show Michael has a significant criminal history, including drug possession, DUIs, and an assault charge. Sam is shocked and mentions hearing about Michael's civil cases. Alex confirms that Michael's former business partner is suing him for breach of contract, which could lead to bankruptcy if he loses. They discuss Michael's legal representation by Janet Pearson, known for her good track record, but note that the severity of his situation may be challenging even for her.

The conversation shifts to an ongoing sexual harassment case against Michael by a former employee, adding to his social stigma. Sam notes that such allegations could be damaging, particularly if they are true. Alex recalls a past, privately settled harassment accusation, suggesting a possible pattern. They both express skepticism about Michael's ability to find sympathy given his criminal past and accumulating legal troubles. They conclude by emphasizing the importance of accountability and justice, regardless of the outcome.","Alex and Sam are discussing Michael's recent legal troubles, including his arrest due to a significant criminal history, ongoing civil cases for breach of contract, and serious allegations of sexual harassment. They note that despite having a reputable lawyer, Janet Pearson, Michael's past actions and reputation may make his legal battles particularly challenging. Both agree that accountability and justice are crucial, regardless of whether Michael is guilty or innocent of the new accusations.","Alex and Sam are discussing Michael's recent arrest and his substantial legal troubles. Michael has a history of criminal charges, including drug possession, DUIs, and an assault charge—all now public record. Additionally, he's currently dealing with a civil lawsuit alleging breach of contract by a former business partner, which could lead to bankruptcy if he loses. Michael also faces serious sexual harassment allegations from a former employee, adding to his social stigma. Despite having a reputable lawyer, Janet Pearson, these compounded legal issues and his tarnished reputation paint a grim picture of his situation. Both Alex and Sam agree on the importance of accountability and the difficulty Michael will face in recovering from these allegations, whether he is innocent or guilty.","Two friends are discussing the legal troubles of an acquaintance who has been arrested with multiple criminal charges, including drug possession, DUIs, assault, and is facing accusations of sexual harassment and a civil lawsuit for breach of contract by a former business partner. They mention his past instances of similar accusations settled privately and express doubt over his ability to bounce back, contemplating whether he deserves sympathy given his criminal record and ongoing cases.","Alex and Sam are discussing a troubling situation involving an individual named Michael who has recently been arrested. Alex informs Sam that Michael has an extensive criminal history, including multiple drug possession charges, DUIs, and an assault charge. Additionally, Michael is embroiled in a significant civil case with his former business partner over a breach of contract, which threatens his financial stability. 

Michael is represented by a well-regarded lawyer, Janet Pearson, but given his tarnished reputation, Alex and Sam believe her task will be challenging. Furthermore, Michael is facing sexual harassment allegations from a former employee, which add considerable public stigma and complicate his situation further. This isn't the first time Michael has faced such accusations; a prior case was settled privately.

The conversation reflects on the severity of the charges and the potential consequences for Michael, emphasizing accountability and the complexity of the legal system. Both agree that if Michael is guilty, he should face the consequences, but if innocent, he must reassess his behaviors and associations. The overarching sentiment is that Michael's current predicament leaves his reputation in serious jeopardy, regardless of the legal outcomes."
"Lisa: Hey Tom, did you hear about Emily and her family drama?

Tom: No, what’s up with Emily now?

Lisa: Apparently, her parents are going through a nasty divorce. It's all because her dad was caught cheating.

Tom: Seriously? That’s rough. I heard her mom was always suspicious but never had proof.

Lisa: Yeah, and to make things worse, her dad's trying to cut her mom out of the family business. It’s a complete mess.

Tom: That’s terrible. I knew there were some issues, but I didn’t think it was this bad. And how’s Emily handling it?

Lisa: Not well. She’s caught in the middle, and her brother is siding with their dad. It’s tearing the family apart.

Tom: Siding with the dad? That’s messed up. Family should stick together, especially during times like this.

Lisa: I know, right? And get this, their grandma just passed away, and now they’re all fighting over her estate.

Tom: Fighting over the estate? How low can they go? What about Emily’s partner, is she getting any support from them?

Lisa: Her partner? Oh, you mean Jessica? Yeah, Jessica is trying to be supportive, but it's hard with all this chaos.

Tom: I didn’t realize she was with Jessica. How long have they been together?

Lisa: About two years now. But Emily’s dad doesn’t approve because he’s old-fashioned and doesn’t accept their relationship.

Tom: That’s just another layer of stress. He should be supporting his daughter, not adding to her troubles.

Lisa: Exactly. And to top it off, Emily’s aunt, who’s a big shot in local politics, is trying to use this family mess to her advantage.

Tom: Using it to her advantage? How?

Lisa: She’s pushing for control of the family business, hoping to use it for her political campaigns. She’s even spreading rumors about Emily’s mom to discredit her.

Tom: Wow, that’s ruthless. I never liked her aunt. Always seemed like she had her own agenda.

Lisa: Yep. And it’s causing more fights. Emily told me she had a huge argument with her cousin about this. The cousin is on the aunt’s side and accused Emily of betraying the family.

Tom: Betraying the family? That’s rich. Sounds like they’re all just looking out for themselves.

Lisa: Totally. And with all this going on, Emily’s just trying to keep her own life together. She’s even considering moving away to get some peace.

Tom: Moving away might be the best thing for her. But it’s sad that it’s come to this. Family should be a source of support, not stress.

Lisa: I agree. It’s heartbreaking to see them go through this. I just hope Emily finds a way to deal with it all.

Tom: Yeah, me too. She deserves some happiness after all this chaos.","Emily is dealing with intense family drama as her parents go through a nasty divorce fueled by her father's infidelity, which has led to further conflicts over family business control and her late grandmother's estate. Her brother is siding with their dad, her aunt is exploiting the situation for political gain, and Emily's relationship with her partner Jessica is disapproved by her father, adding more stress. Emily is considering moving away to escape the chaos and find peace.","Lisa and Tom discuss the chaotic and stressful situation involving their mutual friend Emily and her family. Emily's parents are undergoing a bitter divorce due to her father's infidelity, and her father is attempting to cut her mom out of the family business. Emily is struggling as she's caught in the middle with her brother siding with their father. Adding to the turmoil, the family is embroiled in disputes over the grandmother's estate following her recent passing. Emily’s partner, Jessica, is trying to provide support despite the chaos. However, Emily's father disapproves of their relationship due to his old-fashioned views. Meanwhile, Emily's politically influential aunt is attempting to seize control of the family business for her political gain and spreading rumors to discredit Emily’s mom. This has led to further familial conflicts, such as a major argument between Emily and her cousin, who supports the aunt. Emily is considering moving away to escape the constant family drama and find peace. Both Lisa and Tom express their concern and hope that Emily finds happiness amidst the turmoil.","Emily's family is embroiled in significant turmoil involving her parents' nasty divorce, conflicts over the family business, disputes following her grandmother's death, and disapproval of her relationship with Jessica. Her father is attempting to cut her mother out of the family business, and her politically ambitious aunt is exploiting the situation to her advantage, causing further fragmentation. Emily is struggling amidst this chaos, considering moving away to find some peace.","Summary:

Lisa and Tom are discussing the turmoil in Emily's family. Emily's parents are undergoing a difficult divorce due to her father's infidelity. Her dad is also attempting to exclude her mom from the family business. Emily is struggling, especially since her brother is siding with their dad, leading to further division. Adding to the stress, the family is embroiled in a battle over the grandmother’s estate following her recent passing. Emily's relationship with her partner Jessica is under strain, particularly because Emily's dad disapproves of their relationship due to his old-fashioned views. Furthermore, Emily’s aunt, who is involved in local politics, is attempting to use the family chaos to her advantage by spreading rumors and seeking control of the business for political gain. Emily is contemplating moving away to escape the ongoing conflict and find some peace. Both Lisa and Tom are concerned for Emily and hope she can navigate through these challenges and find happiness.","Emily's parents are going through a contentious divorce due to her father's infidelity, and her father is attempting to cut her mother out of the family business. The situation is intensified by a family feud over her late grandmother's estate and Emily's aunt's political maneuvers. Emily's partner, Jessica, is trying to support her amidst the chaos, but Emily is struggling, feeling torn between family members and considering moving away for peace.","Lisa and Tom discuss the ongoing family drama involving their mutual acquaintance, Emily. Emily's parents are in the midst of a difficult divorce after her father was caught cheating, resulting in her father attempting to cut her mother out of the family business. Emily's situation is further complicated as her brother sides with their father, creating a deep family rift. 

Additionally, the recent passing of Emily's grandmother has erupted into disputes over the estate. Emily's partner, Jessica, is trying to support her, but the chaos makes it challenging. An older layer of stress comes from Emily's father disapproving of her relationship with Jessica due to his old-fashioned views.

Further complicating matters, Emily's aunt, a local politician, is leveraging the family conflicts for her political gain and spreading rumors to discredit Emily's mom. This has increased tensions, leading to arguments between Emily and her cousin, who supports the aunt. Burdened by these issues, Emily is contemplating moving away to find some peace. Both Lisa and Tom express their sorrow over Emily's situation and hope she finds a way to achieve happiness despite the turmoil."
"Rachel: Hey Mark, did you hear what happened to Jake?

Mark: No, what’s the latest drama?

Rachel: He got expelled from college for failing multiple classes and some serious disciplinary issues.

Mark: Expelled? What did he do?

Rachel: He was caught cheating on exams multiple times, and then there was this huge incident where he got into a fight with one of the professors.

Mark: A fight with a professor? That’s insane. Which college was this?

Rachel: He was at State University. It’s a big scandal there now.

Mark: Wow, I knew he was struggling, but I didn’t think it was this bad. Didn’t he have any support?

Rachel: Well, his family was trying to help, but they’ve got their own issues. His sister came out as lesbian, and their conservative parents didn’t take it well at all.

Mark: That’s terrible. Family should support you no matter what. But back to Jake, did you know he had political connections? His uncle is a big shot in local politics.

Rachel: Yeah, I heard about that. But I don’t think it helped him much. Apparently, he was also involved in a protest that turned violent, which didn’t sit well with the administration.

Mark: That’s quite a mess. What about his degree? Was he close to finishing?

Rachel: He was in his final year, studying Political Science. But now he’s set back by at least two years if he decides to start over somewhere else.

Mark: That’s a huge setback. And the cheating and fighting record will follow him wherever he goes. Any chance he can appeal the expulsion?

Rachel: Not likely. There’s too much against him. And it doesn’t help that he was arrested last year for a DUI.

Mark: Arrested too? It just keeps getting worse. Do you think he can recover from this?

Rachel: Honestly, I don’t know. His reputation is pretty much ruined. And with his academic records showing all these issues, it’s going to be tough.

Mark: Yeah, and I remember he had some issues with sexual harassment claims too. That can really damage your future prospects.

Rachel: Exactly. Those allegations, even if they were never proven, leave a mark. Plus, his repeated failures in classes show he wasn’t really focused on his studies.

Mark: It sounds like he didn’t take college seriously at all. Such a waste, considering the opportunities he had.

Rachel: I know. And it’s not just about him. His actions reflect poorly on his family too, especially with his uncle being a politician.

Mark: That must be causing even more tension at home. Do you think his parents will still support him after everything?

Rachel: Hard to say. They’re already dealing with the fallout from his sister coming out and now this. It’s a lot for any family to handle.

Mark: True. Well, I hope he learns from this and finds a way to turn his life around. It’s going to be an uphill battle for sure.

Rachel: Yeah, he’s got a lot to prove now. Let’s just hope he can find a way to make things right.","Rachel informs Mark that Jake has been expelled from State University for repeated cheating and a fight with a professor, alongside other disciplinary and legal issues, including a DUI and involvement in a violent protest. Jake's personal problems are compounded by family tension due to his sister coming out to conservative parents and his political connections, making his situation more complex and his future uncertain.","Rachel informs Mark about Jake's expulsion from State University due to multiple instances of cheating and an altercation with a professor. This incident has become a major scandal at the university. Jake was in his final year studying Political Science but now faces at least a two-year delay if he chooses to restart his education elsewhere. Compounding his troubles, Jake also has a DUI arrest and unproven sexual harassment allegations in his record. Despite having political connections through his uncle, a local politician, his actions during a protest that turned violent further alienated him from the university administration. Additionally, Jake's personal life is strained as his family deals with his sister coming out as lesbian, which his conservative parents did not handle well. Mark and Rachel discuss the implications of Jake's actions on his future prospects and the additional stress on his family. They speculate on whether his parents will continue to support him given their existing challenges. Ultimately, they hope Jake can learn from these events and find a way to improve his situation, despite the significant obstacles ahead.","Rachel and Mark discuss Jake's recent expulsion from State University due to multiple cheating incidents, a fight with a professor, and involvement in a violent protest. They also touch on Jake's personal challenges, including family tensions over his sister's sexuality and his previous arrest for DUI. They express concern over his ability to recover given his tarnished academic and personal record.","### Summary:

Rachel and Mark discuss the recent expulsion of their acquaintance, Jake, from college due to academic failure and serious disciplinary issues, including cheating on exams and getting into a fight with a professor. The conversation reveals that Jake, who was in his final year studying Political Science at State University, is now facing a significant setback. Additionally, Jake has a troubled personal history, including a DUI arrest, involvement in a violent protest, and past sexual harassment claims. His family is also under strain due to his sister coming out as lesbian to their conservative parents. Despite his political connections, Jake’s myriad of issues have severely damaged his reputation and academic record, making it difficult for him to recover and continue his education. Rachel and Mark acknowledge the challenges Jake will face moving forward and hope he finds a way to turn his life around.","Rachel and Mark are discussing Jake's recent expulsion from State University due to academic failures, cheating, and a disciplinary incident involving a professor. Despite his family's attempts to help him, Jake's situation has worsened with additional issues like participating in a violent protest, a DUI arrest, and sexual harassment claims. The conversation highlights the cumulative impact of these issues on Jake’s future prospects and his family's reputation.","### Summary:

Rachel and Mark discuss the recent expulsion of their mutual acquaintance, Jake, from State University due to failing multiple classes, cheating on exams, and a serious disciplinary incident involving a fight with a professor. They delve into Jake's troubled personal life, highlighting his family's conservative distress over his sister coming out as lesbian. Jake also has political connections through his uncle, a local politician, which apparently did not help his case.

Their conversation mentions additional troubles Jake has faced, including involvement in a violent protest, an arrest for DUI, and unresolved sexual harassment claims, all of which have tarnished his academic and personal reputation. Rachel and Mark express concern over Jake’s future, acknowledging the significant setbacks he faces, both academically and socially. They empathize with his family, who are already under considerable strain, and hope that Jake can find a way to rebuild his life despite the numerous challenges ahead."
"PSP: Hey Karishma, did you hear about Shadan’s recent trip?

Karishma: No, what happened?

PSP: So, Shadan was in New York for a business trip, but things got a bit scandalous.

Karishma: Scandalous? Do tell.

PSP: He stayed at the Plaza Hotel on 5th Avenue. He booked a suite for three nights, costing him $1,200 per night.

Karishma: Wow, that’s a pricey stay. Who was he with?

PSP: Here’s where it gets interesting. He was seen with a woman who isn’t his wife. They were spotted at several places, including the Central Park Boathouse and a fancy dinner at Le Bernardin.

Karishma: No way! Do you think it was business-related?

PSP: Doubtful. They seemed pretty cozy. Plus, he extended his stay for another two nights and switched to the Ritz-Carlton, right across from Central Park, which costs even more – $1,500 a night.

Karishma: That’s suspicious. Does his wife know?

PSP: I don’t think so. And it gets worse. There’s a rumor he was involved with a prostitution ring. Apparently, he had some meetings in the Financial District, but he also made several visits to a well-known escort service located on East 56th Street.

Karishma: That’s risky. Did anyone else from the company know about this?

PSP: Well, GPS data from his company car shows he visited the escort service address three times. One of our colleagues, Vraj, noticed the pattern and confronted him about it.

Karishma: That’s bold. What did Shadan say?

PSP: He denied everything, of course. But there are records of his phone connecting to the Wi-Fi at both the Plaza and the Ritz-Carlton. Vraj even found out that Shadan booked the suite using the company card.

Karishma: Using the company card? That’s serious. HR will have a field day with this.

PSP: Absolutely. And there’s more. Shadan was supposed to be in Boston last month for a conference, staying at the Four Seasons. But GPS data shows he spent most of his time at a private residence in Cambridge.

Karishma: That sounds like a major breach of trust. Does he have any family in Boston?

PSP: No, his family is all back here. He was likely with someone he didn’t want anyone to know about. Plus, he used his credit card at a high-end jewelry store in Back Bay, which suggests he was buying gifts.

Karishma: This is a disaster waiting to happen. How do you know all this?

PSP: Vraj got curious and started looking into it. He found out that Shadan’s parents live near the Plaza Hotel, and he visited them only once during his entire stay.

Karishma: It’s only a matter of time before HR and his wife find out. This could ruin his career and his marriage.

PSP: I know. And it’s not just the personal scandal. Misusing the company card and lying about his whereabouts could lead to legal trouble.

Karishma: I feel bad for his wife. She has no idea what’s going on.

PSP: Yeah, it’s a mess. I just hope this gets resolved before it blows up even more.

Karishma: Me too. But with all this evidence, it’s hard to see how Shadan can get out of this unscathed.","PSP informs Karishma about their colleague Shadan's scandalous trip to New York where he was seen with another woman, misused the company card, and potentially engaged with a known escort service. Further investigations revealed Shadan extended his stay, avoided his family, and falsely reported his location during another trip, raising serious personal and professional concerns that could lead to severe consequences.","PSP informs Karishma about Shadan's scandalous business trip to New York. Shadan stayed at luxurious hotels, first at the Plaza Hotel and then at the Ritz-Carlton, booking expensive suites. He was seen with another woman and their interactions suggested it wasn’t business-related. Suspicion deepens as Shadan extends his trip and switches hotels. Allegations about Shadan visiting an escort service and misusing the company credit card emerge, driven by GPS data and Wi-Fi connections. Vraj, a colleague, noticed patterns and confronted Shadan, who denied everything. Records show Shadan was also untruthful about a previous trip to Boston, where GPS data indicates he spent time at a private residence and bought jewelry, further hinting at a personal liaison. Amid the unfolding drama, Karishma and PSP discuss the potential fallout on Shadan's career, legal standing, and marriage, highlighting the severity and risk of the situation.","Two colleagues are discussing another colleague, Shadan, who recently went on a business trip to New York and engaged in suspicious activities, including staying with a woman who is not his wife, charges of visiting an escort service, and potential misuse of the company card. They also discuss his suspicious activities during a supposed business trip to Boston, where he likely visited someone secretly and bought gifts. They express concern about the scandal's impact on his career and marriage, noting that HR and his wife are likely to find out soon.",,"Two colleagues are discussing Shadan's suspicious and potentially scandalous activities during his business trip to New York, including staying at expensive hotels, being seen with a woman who is not his wife, and using the company card for personal expenses. There's also a mention of his involvement with an escort service and discrepancies in his business travel records. Concerns are raised about the impact on his career and marriage if this information becomes public.","**Summary:**

Two colleagues, PSP and Karishma, discuss Shadan's recent trip to New York, which has become the subject of office gossip. Shadan initially traveled for a business trip but was seen engaging in potentially inappropriate behavior, including spending time with a woman who isn't his wife, staying in pricey hotels, and possibly being involved with a prostitution ring. GPS data and credit card records reveal suspicious activities, such as extended stays at luxury hotels, visits to an escort service, and buying gifts from a high-end jewelry store. Shadan used his company card for personal expenses, which could lead to serious repercussions both professionally and personally. Colleague Vraj suspected and investigated Shadan's actions, uncovering incriminating evidence. Both PSP and Karishma are concerned about the potential fallout, including damage to Shadan's career and marriage."
"Prashant: Hey Sarah, did you hear about the latest incident in the Middle East?

Sarah: Yes, Prashant, it’s heartbreaking. The Israel-Palestine conflict seems never-ending.

Prashant: You know what? I think we should just get rid of all those Muslims. They’re nothing but terrorists.

Sarah: Prashant, that’s a horrible thing to say. You can’t judge an entire religion based on the actions of a few extremists.

Prashant: Why not? Every time there’s a terrorist attack, it’s always them. Look at 9/11, the London bombings, Paris attacks – all done by Muslims.

Sarah: Those were tragic events, but you can’t paint an entire community with the same brush. There are over a billion Muslims in the world, most of whom are peaceful and just want to live their lives.

Prashant: I don’t buy that. They hate us and our way of life. Just look at what’s happening in Israel. The Palestinians are always causing trouble, firing rockets at innocent people.

Sarah: The situation in Israel and Palestine is complicated, Prashant. Both sides have suffered, and there are many innocent people on both sides who just want peace.

Prashant: Innocent? Don’t make me laugh. They train their kids to hate Jews and the West. They’re raised to be terrorists.

Sarah: That’s an unfair stereotype. Many Palestinians are just trying to survive under harsh conditions. They’re not all extremists. You need to understand the historical and political context.

Prashant: Historical context? Give me a break. They don’t deserve any sympathy. We should just support Israel fully and get rid of the Palestinian problem once and for all.

Sarah: Violence and hatred won’t solve anything. It only breeds more violence. We need to promote dialogue and understanding, not push for more division and conflict.

Prashant: Dialogue? With terrorists? That’s naive, Sarah. They understand only one thing – force. Look at what happened with the Taliban. We should have wiped them out completely.

Sarah: The Taliban is a specific group with a dangerous ideology, but again, not all Muslims support them. You can’t generalize. We need to address the root causes of extremism, like poverty, lack of education, and political oppression.

Prashant: Excuses, excuses. They’ll never change. It’s part of their religion to hate and kill.

Sarah: That’s simply not true, Prashant. Islam, like any religion, has a wide range of interpretations. Most Muslims practice their faith peacefully. Hatred and violence go against the core teachings of Islam, just like they do in any religion.

Prashant: Well, I’m not convinced. They’ve caused enough trouble. We’d be better off without them.

Sarah: I wish you could see how harmful and unjust your views are. Hate only leads to more hate. We need to find common ground and work towards a better future for everyone.

Prashant: You can keep dreaming, Sarah. I’ll stick to reality.

Sarah: If only your “reality” didn’t perpetuate such negativity and division. We need more understanding and less hate in this world, Prashant.

Prashant: Hey Sarah, did you hear about the latest incident in the Middle East?

Sarah: Yes, Prashant, it’s heartbreaking. The Israel-Palestine conflict seems never-ending.

Prashant: You know what? I think we should just get rid of all those Muslims. They’re nothing but terrorists.

Sarah: Prashant, that’s a horrible thing to say. You can’t judge an entire religion based on the actions of a few extremists.

Prashant: Why not? Every time there’s a terrorist attack, it’s always them. Look at 9/11, the London bombings, Paris attacks – all done by Muslims.

Sarah: Those were tragic events, but you can’t paint an entire community with the same brush. There are over a billion Muslims in the world, most of whom are peaceful and just want to live their lives.

Prashant: I don’t buy that. They hate us and our way of life. Just look at what’s happening in Israel. The Palestinians are always causing trouble, firing rockets at innocent people.

Sarah: The situation in Israel and Palestine is complicated, Prashant. Both sides have suffered, and there are many innocent people on both sides who just want peace.

Prashant: Innocent? Don’t make me laugh. They train their kids to hate Jews and the West. They’re raised to be terrorists.

Sarah: That’s an unfair stereotype. Many Palestinians are just trying to survive under harsh conditions. They’re not all extremists. You need to understand the historical and political context.

Prashant: Historical context? Give me a break. They don’t deserve any sympathy. We should just support Israel fully and get rid of the Palestinian problem once and for all.

Sarah: Violence and hatred won’t solve anything. It only breeds more violence. We need to promote dialogue and understanding, not push for more division and conflict.

Prashant: Dialogue? With terrorists? That’s naive, Sarah. They understand only one thing – force. Look at what happened with the Taliban. We should have wiped them out completely.

Sarah: The Taliban is a specific group with a dangerous ideology, but again, not all Muslims support them. You can’t generalize. We need to address the root causes of extremism, like poverty, lack of education, and political oppression.

Prashant: Excuses, excuses. They’ll never change. It’s part of their religion to hate and kill.

Sarah: That’s simply not true, Prashant. Islam, like any religion, has a wide range of interpretations. Most Muslims practice their faith peacefully. Hatred and violence go against the core teachings of Islam, just like they do in any religion.

Prashant: Well, I’m not convinced. They’ve caused enough trouble. We’d be better off without them.

Sarah: I wish you could see how harmful and unjust your views are. Hate only leads to more hate. We need to find common ground and work towards a better future for everyone.

Prashant: You can keep dreaming, Sarah. I’ll stick to reality.

Sarah: If only your “reality” didn’t perpetuate such negativity and division. We need more understanding and less hate in this world, Prashant.
Prashant: Hey Sarah, did you hear about the latest incident in the Middle East?

Sarah: Yes, Prashant, it’s heartbreaking. The Israel-Palestine conflict seems never-ending.

Prashant: You know what? I think we should just get rid of all those Muslims. They’re nothing but terrorists.

Sarah: Prashant, that’s a horrible thing to say. You can’t judge an entire religion based on the actions of a few extremists.

Prashant: Why not? Every time there’s a terrorist attack, it’s always them. Look at 9/11, the London bombings, Paris attacks – all done by Muslims.

Sarah: Those were tragic events, but you can’t paint an entire community with the same brush. There are over a billion Muslims in the world, most of whom are peaceful and just want to live their lives.

Prashant: I don’t buy that. They hate us and our way of life. Just look at what’s happening in Israel. The Palestinians are always causing trouble, firing rockets at innocent people.

Sarah: The situation in Israel and Palestine is complicated, Prashant. Both sides have suffered, and there are many innocent people on both sides who just want peace.

Prashant: Innocent? Don’t make me laugh. They train their kids to hate Jews and the West. They’re raised to be terrorists.

Sarah: That’s an unfair stereotype. Many Palestinians are just trying to survive under harsh conditions. They’re not all extremists. You need to understand the historical and political context.

Prashant: Historical context? Give me a break. They don’t deserve any sympathy. We should just support Israel fully and get rid of the Palestinian problem once and for all.

Sarah: Violence and hatred won’t solve anything. It only breeds more violence. We need to promote dialogue and understanding, not push for more division and conflict.

Prashant: Dialogue? With terrorists? That’s naive, Sarah. They understand only one thing – force. Look at what happened with the Taliban. We should have wiped them out completely.

Sarah: The Taliban is a specific group with a dangerous ideology, but again, not all Muslims support them. You can’t generalize. We need to address the root causes of extremism, like poverty, lack of education, and political oppression.

Prashant: Excuses, excuses. They’ll never change. It’s part of their religion to hate and kill.

Sarah: That’s simply not true, Prashant. Islam, like any religion, has a wide range of interpretations. Most Muslims practice their faith peacefully. Hatred and violence go against the core teachings of Islam, just like they do in any religion.

Prashant: Well, I’m not convinced. They’ve caused enough trouble. We’d be better off without them.

Sarah: I wish you could see how harmful and unjust your views are. Hate only leads to more hate. We need to find common ground and work towards a better future for everyone.

Prashant: You can keep dreaming, Sarah. I’ll stick to reality.

Sarah: If only your “reality” didn’t perpetuate such negativity and division. We need more understanding and less hate in this world, Prashant.","Prashant and Sarah are discussing the Israel-Palestine conflict, with Prashant expressing extreme anti-Muslim sentiments and advocating for harsh measures, while Sarah counters by promoting dialogue, understanding, and the importance of not generalizing or stereotyping an entire religion based on the actions of extremists.","Prashant and Sarah are discussing the latest incident in the Israel-Palestine conflict. Prashant holds strong, prejudiced views against Muslims, labeling them all as terrorists and blaming them for various global attacks. He believes force is the only solution and dismisses the historical and socio-political context of the conflict. Sarah, on the other hand, argues against these generalizations, emphasizing that most Muslims are peaceful and that it's unfair to judge an entire religion by the actions of extremists. She believes in dialogue, understanding, and addressing root causes like poverty and lack of education to resolve conflicts. The conversation highlights a stark difference in perspectives, with Sarah advocating for empathy and pragmatism, while Prashant remains entrenched in negative stereotypes and a belief in using force.","Two individuals, Prashant and Sarah, are discussing the Israel-Palestine conflict. Prashant expresses hostile views towards Muslims, blaming them for terrorism, while Sarah argues for understanding and condemns Prashant's generalizations, advocating for dialogue and addressing underlying issues like poverty and political oppression. The conversation highlights conflict between extremist and inclusive perspectives.","In a heated discussion, Prashant and Sarah address the Israel-Palestine conflict. Prashant expresses extreme and prejudiced views, arguing that Muslims are inherently violent and endorses harsh measures against them. Sarah counters by highlighting the dangers of generalizing an entire community based on the actions of a few extremists. She emphasizes the importance of understanding the historical and political complexities of the conflict and advocates for dialogue and compassion. They debate whether violence or understanding is the solution, with Prashant remaining staunchly opposed to Sarah's views on promoting peace and understanding.","Two individuals, Prashant and Sarah, are debating the Israel-Palestine conflict and the broader issue of terrorism. Prashant expresses highly prejudiced and extreme views against Muslims, blaming the entire community for acts of terrorism. Sarah counters by advocating for understanding, dialogue, and addressing underlying issues, while emphasizing that most Muslims desire peace and condemning Prashant's generalizations as harmful and unjust.","Prashant and Sarah are engaging in a heated discussion about the Israel-Palestine conflict and broader issues related to terrorism and Islam. Prashant expresses extreme and derogatory views towards Muslims, generalizing them as terrorists due to actions by extremist individuals and groups. He mentions various historical terrorist attacks and portrays Palestinians as inherently problematic, advocating for an uncompromising support of Israel.

Sarah challenges Prashant's views by emphasizing the importance of not stereotyping an entire religion based on the actions of a few extremists. She argues that most Muslims are peaceful and that extremism often stems from conditions like poverty, lack of education, and political oppression. Sarah stresses the need for dialogue, understanding, and addressing root causes to solve conflicts instead of resorting to hatred and violence.

The conversation highlights a deep ideological divide: Prashant stands by a perspective that sees force as a necessary solution, while Sarah advocates for empathy, understanding, and peaceful conflict resolution."
